ETA_NUM,NIR_RET,NAI_RET,SEX_RET,IAS_RET,ENT_DAT_RET,NIR_ANO_17,SEJ_NUM,SEQ_NUM,ENT_DAT,SOR_DAT,EXE_SOI_AMD,EXE_SOI_AMF,EXE_SOI_DTD,EXE_SOI_DTF,RNG_BEN,RNG_NAI,RAC_MNT_PAT_RET,NBR_REJET_AMO_RET,FAC_AMO_DT_RET,FAC_AMC_DT_RET,FAC_RAC_DT_RET,PAI_AMO_DT_RET,PAI_AMC_DT_RET,PAI_RAC_DT_RET,VALID_FAC_AMO_RET,VALID_FAC_AMC_RET,VALID_FAC_RAC_RET,PAYS_ASS_PAT_RET,RAC_MNT_PAT,NBR_REJET_AMO,FAC_AMO_DT,FAC_AMC_DT,FAC_RAC_DT,PAI_AMO_DT,PAI_AMC_DT,PAI_RAC_DT,VALID_FAC_AMO,VALID_FAC_AMC,VALID_FAC_RAC,PAYS_ASS_PAT
,0,1,0,0,1,LliGbdTtjdwtpRVbk,Oxr,t,06111987,03012007,201002,C,1912-02-09,2027-12-13,,,1,0,0,1,0,0,0,1,1,0,1,1,-6288494503.6292,,EhDLltKG,CZtuZwCDlhrnhHuhrGk,LQRcDGSREUwXRB,dDWCtmpAyts,pJEushmm,qVQtgU,MkCw,zITIAxzx,jEDsMbkauvCJRyIW,GsXF
h,0,0,1,1,0,EzObzQXAhXXxCefdK,fI,fAFq,25101905,26051903,197212,tFyE,2026-04-27,1943-05-07,ML,,1,0,1,1,0,1,0,0,1,1,1,0,-2268013939.1586,SVlw,,dTnKV,,,JmflvlyuhqXYIEG,SIayEp,mwbe,kiNxCpoaKHkj,PCCpSJb,BLEcW
,0,1,0,0,0,oSrnDNBgmCrvLrSiZ,R,E,19081944,28051927,195903,nUUy,1962-11-27,1987-08-02,G,,0,1,1,1,0,0,0,0,0,1,1,0,6637923972.7434,ojyvS,AJwFbAXB,zKS,KDmjMiFtRImR,DQbOLIpVeyMYv,rYYDffKggI,XsMXxDnlPxSAHjglmjWd,AfgSENlyx,,kLXBwUdg,EOf
,0,1,0,1,1,EzObzQXAhXXxCefdK,gfjw,,22091983,25051980,194510,vJCfMI,1931-07-13,1925-07-14,Es,,1,0,0,0,0,1,1,1,0,0,1,0,-6026051019.2024,sXe,drinroTZbZwZsT,SMkl,Ah,FFZNMl,zZEiXKV,,D,xtsH,hUlNtmy,IatJFblwfYTxpCT
h,1,1,0,0,0,fvROSurjXIfxJwEop,e,fAFq,13121936,11101912,197603,,1969-01-18,1946-01-30,bVk,,1,1,0,0,0,1,0,0,0,0,0,1,8331159317.9898,bwrAq,wtTAFXmgJXdDZp,lgtFoCijEdNm,RsKQpPhDnHs,bKlLMLDjMXJxEyBPmW,SdPqKWFGhBE,dOazJJGQhkIxutZnZY,phO,pOF,pyyh,
gjikFG,0,1,0,1,1,LliGbdTtjdwtpRVbk,MM,s,02062023,14081980,196909,cCrqL,1937-02-14,2005-09-28,zgP,z,0,0,0,0,1,0,0,0,0,0,0,0,5766214012.769,pFSLw,Jyt,mKl,TBqhJaruJCVlFzVFw,toNTfcQYGWCYeLU,EWahgDWyapfYdQESbj,EpfBhE,oueSlrDw,yGaQwXmurRCVcSdE,,eNRzAbQMvSh
,0,1,0,1,1,EzObzQXAhXXxCefdK,SevfM,E,01071920,03011907,200708,,2012-02-23,1932-03-22,NP,s,1,0,1,1,0,1,0,0,0,0,0,1,4452085687.5967,D,qgXOcfIFJfgVD,XViOfEuTohnUM,zGKMeYJZNbixK,IdFxvyOscCYN,NsAgrLEIbDMmGrs,PEtgoju,vSZOHbXnUr,EikA,AgATDtx,HUA
WSDj,1,1,0,1,0,bcMDhfNxzEWXEBuHy,BZ,,10061950,20112024,193405,U,1905-05-06,1959-08-16,i,C,1,0,0,1,1,1,0,1,0,0,0,1,9913890417.2893,c,zRPNbRjbLLPTn,SEmXfcRSz,PafnXEwXVB,nSHBRTGFWSNaIF,ssSmqFzIBXPD,,aPa,eJYgqkPIDWzjjvWGZtmL,wsKbYK,ve
KMFbBGM,1,0,1,0,1,ToOcnbOIshDJmwFYR,C,jVYn,13091976,17062027,196203,,1914-02-01,2014-01-19,LJj,s,0,1,0,1,1,1,0,0,0,0,0,1,6907442851.7534,,wyKtXEmr,HpsZBRmMVDKVlqsJ,waYxylnRIRNjhzpZG,GFWHCNVJSNqlDfRq,xiqQVJTrIRtgfjyz,sYozaevCkZyEzcI,xJZoVnJRCpFn,nMkwuhNs,BrqzXR,xcwEQGpNSOOzyP
h,0,1,0,1,0,ToOcnbOIshDJmwFYR,SL,fAFq,02061963,01101967,194503,U,1999-09-26,1950-12-02,KxH,,0,1,0,1,1,0,1,1,1,1,0,0,-5325468195.5575,Ad,TexxOreRH,Mpb,k,Mwfafmrjiold,vdkUPRYH,XIeFADROdvIPNIiI,mESRK,dluMTWmhrvOemgQ,RnkckGkXRCqpdteT,qDmToRkW
